{
  "pimientos": 0.28421117699683635,
  "requeson": 0.28421117699683635,
  "yogur": 0.4766053450068152,
  "calabaza": 0.18947411799789088,
  "cebolla": 0.18947411799789088,
  "cortado": 0.18947411799789088,
  "finamente": 0.18947411799789088,
  "picada": 0.18947411799789088,
  "pimienta": 0.18947411799789088,
  "pimiento": 0.18947411799789088,
  "aceite": 0.4868191308330962,
  "esten": 0.3027294005426552,
  "jugo": 0.3876603798702353,
  "sal": 0.34105513987187286,
  "tiras": 0.34837195591000397,
  "limon": 0.5672886578057694,
  "hornear": 0.6477231427982673,
  "reserva": 0.4108341280139856,
  "polvo": 0.8234969002569908,
  "200": 0.09473705899894544,
  "acitrona": 0.09473705899894544,
  "acomoda": 0.09473705899894544,
  "blandita": 0.09473705899894544,
  "calabacitas": 0.09473705899894544,
  "cernida": 0.09473705899894544,
  "ciones": 0.09473705899894544,
  "espeso": 0.09473705899894544,
  "licua": 0.09473705899894544,
  "mediana": 0.09473705899894544,
  "natural": 0.09473705899894544,
  "platos": 0.09473705899894544,
  "por": 0.09473705899894544,
  "prepa": 0.09473705899894544,
  "queda": 0.09473705899894544,
  "racion": 0.09473705899894544,
  "retiralo": 0.09473705899894544,
  "sazona": 0.09473705899894544,
  "vegetalcacerola": 0.09473705899894544,
  "verde": 0.09473705899894544,
  "verdura": 0.09473705899894544,
  "agrega": 0.6779018801431048,
  "azucar": 0.9951712047288617,
  "as": 0.21342211294579305,
  "barrita": 0.19383018993511766,
  "burbujear": 0.19383018993511766,
  "cocine": 0.19383018993511766,
  "integrados": 0.2064573413358585,
  "recipiente": 0.18814173450566685,
  "reparte": 0.19383018993511766,
  "rojo": 0.2251233278587509,
  "huevo": 0.8948003926308808,
  "masa": 0.9252770490814601,
  "mantequilla": 1.4417520834723034,
  "ade": 0.2440327192026434,
  "caliente": 0.3261927902215718,
  "comience": 0.285189232349313,
  "engrasa": 0.31959775367273496,
  "lado": 0.2870802340030104,
  "pequen": 0.2900902435178284,
  "retira": 0.29926718566453825,
  "si": 0.26390716986377044,
  "suaves": 0.270085810659219,
  "superficie": 0.2730281529272207,
  "vacia": 0.2759635371226632,
  "an": 0.30892876835983174,
  "cake": 0.36549897135648624,
  "terminar": 0.4066336370273858,
  "taza": 1.944224262323572,
  "cocina": 0.4117104627312607,
  "derretida": 0.44107284236796607,
  "gusto": 0.35516324784445075,
  "repite": 0.43535764800528653,
  "servir": 0.44574912632796837,
  "harina": 1.3134175621059208,
  "hot": 1.3284873849580519,
  "cda": 0.6739668109646533,
  "cucharadas": 0.6142964502662653,
  "calienta": 0.539557286572411,
  "cdas": 0.8142245457869597,
  "tazas": 0.9924631645590766,
  "voltea": 0.6149051940844686,
  "mezcla": 1.2348646146980418,
  "sarten": 0.7116016772988086,
  "cakes": 1.1700607222967172,
  "cottage": 0.4461821731750626,
  "queso": 0.5857866108387172,
  "40": 0.18712629058815403,
  "deseado": 0.18712629058815403,
  "frambuesa": 0.18712629058815403,
  "hojas": 0.18712629058815403,
  "mascabado": 0.18712629058815403,
  "mentabate": 0.18712629058815403,
  "segundos": 0.18712629058815403,
  "termina": 0.18712629058815403,
  "troceadas": 0.18712629058815403,
  "unta": 0.18712629058815403,
  "huevos": 0.9789060366168689,
  "menta": 0.2996425348726941,
  "taman": 0.2270474953431273,
  "transfiere": 0.3213896146400764,
  "cocer": 0.4227965819456255,
  "dorar": 0.3394995951322168,
  "plancha": 0.3841163017942769,
  "avena": 0.6862094942252988,
  "decora": 0.4400987922262163,
  "jarra": 0.45979870766751474,
  "frambuesas": 0.6780977461116482,
  "integra": 0.4359649879720419,
  "orilla": 0.5055947283580718,
  "leche": 1.3185760775828228,
  "cuece": 0.6224581826497715,
  "fuego": 0.7865773203664164,
  "mas": 0.5975910963907117,
  "medio": 0.6354895474341333,
  "vierte": 0.5740285218208013,
  "obtengas": 0.2921980537688686,
  "blueberries": 0.3682121231949964,
  "coloca": 0.7029163348425105,
  "almendras": 0.1460990268844343,
  "ambos": 0.1460990268844343,
  "chia": 0.1460990268844343,
  "color": 0.1460990268844343,
  "consistente": 0.1460990268844343,
  "cucharaditas": 0.1460990268844343,
  "darles": 0.1460990268844343,
  "espesa": 0.1460990268844343,
  "gustomezcla": 0.1460990268844343,
  "hecho": 0.1460990268844343,
  "integral": 0.1460990268844343,
  "integren": 0.1460990268844343,
  "lados": 0.1460990268844343,
  "os": 0.1460990268844343,
  "puedas": 0.1460990268844343,
  "royal": 0.1460990268844343,
  "varios": 0.1460990268844343,
  "vuelta": 0.1460990268844343,
  "maple": 0.8435559712193389,
  "ados": 0.19343905485894441,
  "amaranto": 0.5040322668917889,
  "antiadherente": 0.19343905485894441,
  "cuchara": 0.23590454452273452,
  "dorado": 0.21626033254261884,
  "molida": 0.23021608909328367,
  "platano": 0.5182058833418602,
  "reposa": 0.2592848649351757,
  "miel": 1.2940123053113572,
  "ayuda": 0.24938387513219906,
  "cucharadita": 0.4587756624092709,
  "formar": 0.3898661108257319,
  "ligeramente": 0.3176562466301151,
  "pure": 0.3067272597463815,
  "tazon": 0.3672888421070336,
  "acompan": 0.3922640382209452,
  "completo": 0.3346021100343378,
  "minutos": 0.5556781409127394,
  "grande": 0.5521786379390637,
  "ingredientes": 0.568925921830933,
  "sirve": 0.731554761936884,
  "100": 0.35732038787346043,
  "molde": 0.35732038787346043,
  "deja": 0.5008657980492509,
  "cuatro": 0.17866019393673022,
  "decoralo": 0.17866019393673022,
  "decorarlicua": 0.17866019393673022,
  "grandes": 0.17866019393673022,
  "hacer": 0.17866019393673022,
  "hojitas": 0.17866019393673022,
  "primeros": 0.17866019393673022,
  "reposar": 0.17866019393673022,
  "resto": 0.17866019393673022,
  "plato": 0.28632281545530636,
  "10": 0.33314229431675585,
  "burbujas": 0.32377764217343247,
  "cada": 0.2757989097025734,
  "moras": 0.6110682625576435,
  "azules": 0.3586051346322583,
  "extracto": 0.601885131148971,
  "rebanadas": 0.45785955719036,
  "tbsp": 0.45785955719036,
  "vainilla": 0.8453381810686385,
  "flor": 0.16216570146555848,
  "galletas": 0.16216570146555848,
  "maplemezcla": 0.16216570146555848,
  "punta": 0.16216570146555848,
  "quede": 0.16216570146555848,
  "uniforme": 0.16216570146555848,
  "corta": 0.20660044627753638,
  "cortador": 0.2803590738649597,
  "despues": 0.22942172396121077,
  "evitar": 0.3009425655744855,
  "haz": 0.20660044627753638,
  "sequen": 0.3009425655744855,
  "voltealos": 0.3009425655744855,
  "forma": 0.3015007301476634,
  "solo": 0.37812428460355796,
  "vez": 0.44987378932894106,
  "red": 0.27012095362275296,
  "velvet": 0.27012095362275296,
  "cocidos": 0.18008063574850197,
  "colorante": 0.18008063574850197,
  "esencia": 0.18008063574850197,
  "figura": 0.18008063574850197,
  "naviden": 0.18008063574850197,
  "temporada": 0.18008063574850197,
  "vinagre": 0.18008063574850197,
  "hotcakes": 0.2905427069651775,
  "ralladura": 0.3799654896772734,
  "batida": 0.6141403455161211,
  "cocoa": 0.44555120663322373,
  "crema": 0.8782151484568211,
  "acuerdo": 0.09004031787425099,
  "aladas": 0.09004031787425099,
  "ar": 0.09004031787425099,
  "centro": 0.09004031787425099,
  "colores": 0.09004031787425099,
  "cupcakes": 0.09004031787425099,
  "empaque": 0.09004031787425099,
  "frutas": 0.09004031787425099,
  "galleta": 0.09004031787425099,
  "humedos": 0.09004031787425099,
  "instrucciones": 0.09004031787425099,
  "intercambia": 0.09004031787425099,
  "mediano": 0.09004031787425099,
  "mermelada": 0.09004031787425099,
  "opcional": 0.09004031787425099,
  "preparada": 0.09004031787425099,
  "rellena": 0.09004031787425099,
  "sabor": 0.09004031787425099,
  "sen": 0.09004031787425099,
  "suficientemente": 0.09004031787425099,
  "volteando": 0.09004031787425099,
  "frutos": 0.502834982958416,
  "toda": 0.1666801248394555,
  "abeja": 0.3068915710645149,
  "prepara": 0.33220680359693056,